{
    "ungsl_lr": 0.0034280045664111755,
    "beta": 0.0014134977803301407,
    "lr": 0.022885775808580377,
    "lr_graph": 0.002425245661126529,
    "K": 150,
    "init_value": 0.9307997034647846,
    "freq": 2
}