{
    "ungsl_lr": 0.0005603530619781931,
    "beta": 0.40364199178973365,
    "lr": 0.06245740990517031,
    "lr_graph": 0.0016337774405164925,
    "init_value": 0.576226387307271
}