{
    "ungsl_lr": 0.006325818226927723,
    "beta": 0.5646571984565859,
    "lr": 0.04472467710646162,
    "lr_graph": 0.02311791256594875,
    "init_value":  0.4751049441994838
}