{
    "ungsl_lr": 0.0021552898269633696,
    "beta": 0.7742132536937878,
    "lr": 0.09865251884117443,
    "lr_dae": 0.0001141445536113141,
    "init_value": 0.9707378656765084
}